{
  "success": true,
  "message": "调用成功",
  "data": [
    {
      "request": 466.405,
      "fsp": 2098.426,
      "rt": -1,
      "loadtime": 1804.311,
      "tmq_fsp": 1122,
      "contentload": 48.619,
      "zcache": 0,
      "count": 268277,
      "device_level": "HIGH",
      "fp": 919.523,
      "ttfb": 587.721,
      "url": "http://detail.m.tmall.com/item.htm",
      "domcontentloaded": 1078.201,
      "fcp": 919.804,
      "requestrate": 22.226,
      "containerloaded": 8.444,
      "name": "Rax-商品详情",
      "webviewloaded": 319.615,
      "baseload": 29.155,
      "time": -1
    },
    {
      "request": 466.405,
      "fsp": 2098.426,
      "rt": -1,
      "loadtime": 1804.311,
      "tmq_fsp": 2290,
      "contentload": 48.619,
      "zcache": 0,
      "count": 268277,
      "device_level": "HIGH",
      "fp": 919.523,
      "ttfb": 587.721,
      "url": "http://detail.m.tmall.com/item.htm",
      "domcontentloaded": 1078.201,
      "fcp": 919.804,
      "requestrate": 22.226,
      "containerloaded": 8.444,
      "name": "Rax-商品详情",
      "webviewloaded": 319.615,
      "baseload": 29.155,
      "time": -1
    },
    {
      "request": 585.696,
      "fsp": 2461.755,
      "rt": -1,
      "loadtime": 1661.895,
      "tmq_fsp": 1070,
      "contentload": 62.742,
      "zcache": 0,
      "count": 855518,
      "device_level": "HIGH",
      "fp": 800.899,
      "ttfb": 589.705,
      "url": "http://detail.m.tmall.com/templates/pages/miniBuy",
      "domcontentloaded": 917.191,
      "fcp": 800.945,
      "requestrate": 23.792,
      "containerloaded": 10.309,
      "name": "Rax-迷你Detail",
      "webviewloaded": 212.337,
      "baseload": 13.466,
      "time": -1
    },
    {
      "request": 585.696,
      "fsp": 2461.755,
      "rt": -1,
      "loadtime": 1661.895,
      "tmq_fsp": 1207,
      "contentload": 62.742,
      "zcache": 0,
      "count": 855518,
      "device_level": "HIGH",
      "fp": 800.899,
      "ttfb": 589.705,
      "url": "http://detail.m.tmall.com/templates/pages/miniBuy",
      "domcontentloaded": 917.191,
      "fcp": 800.945,
      "requestrate": 23.792,
      "containerloaded": 10.309,
      "name": "Rax-迷你Detail",
      "webviewloaded": 212.337,
      "baseload": 13.466,
      "time": -1
    },
    {
      "request": 237.123,
      "fsp": 1403.152,
      "rt": 216.1,
      "loadtime": 997.938,
      "tmq_fsp": 1794,
      "contentload": 57.571,
      "zcache": 0,
      "count": 25404,
      "device_level": "HIGH",
      "fp": 488.268,
      "ttfb": 243.348,
      "url": "http://huodong.taobao.com/wow/z/jiyoujia/channel-wuxian/home",
      "domcontentloaded": 595.348,
      "fcp": 986.915,
      "requestrate": 16.899,
      "containerloaded": 9.843,
      "name": "Rax-极有家",
      "webviewloaded": 60.143,
      "baseload": 25.53,
      "time": 480.6
    },
    {
      "request": 237.123,
      "fsp": 1403.152,
      "rt": 216.1,
      "loadtime": 997.938,
      "tmq_fsp": 890,
      "contentload": 57.571,
      "zcache": 0,
      "count": 25404,
      "device_level": "HIGH",
      "fp": 488.268,
      "ttfb": 243.348,
      "url": "http://huodong.taobao.com/wow/z/jiyoujia/channel-wuxian/home",
      "domcontentloaded": 595.348,
      "fcp": 986.915,
      "requestrate": 16.899,
      "containerloaded": 9.843,
      "name": "Rax-极有家",
      "webviewloaded": 60.143,
      "baseload": 25.53,
      "time": 480.6
    },
    {
      "request": 435.16,
      "fsp": 2501.302,
      "rt": 36.55,
      "loadtime": 1363.22,
      "tmq_fsp": 2086,
      "contentload": 55.933,
      "zcache": 0,
      "count": 950,
      "device_level": "HIGH",
      "fp": 676.067,
      "ttfb": 445.938,
      "url": "http://huodong.taobao.com/wow/z/usergrowth/pagecenter/beginner",
      "domcontentloaded": 1102.258,
      "fcp": 1433.131,
      "requestrate": 17.397,
      "containerloaded": 16.001,
      "name": "Rax-新人专享福利",
      "webviewloaded": 1820.66,
      "baseload": 26.67,
      "time": 540.22
    },
    {
      "request": 435.16,
      "fsp": 2501.302,
      "rt": 36.55,
      "loadtime": 1363.22,
      "tmq_fsp": 2952,
      "contentload": 55.933,
      "zcache": 0,
      "count": 950,
      "device_level": "HIGH",
      "fp": 676.067,
      "ttfb": 445.938,
      "url": "http://huodong.taobao.com/wow/z/usergrowth/pagecenter/beginner",
      "domcontentloaded": 1102.258,
      "fcp": 1433.131,
      "requestrate": 17.397,
      "containerloaded": 16.001,
      "name": "Rax-新人专享福利",
      "webviewloaded": 1820.66,
      "baseload": 26.67,
      "time": 540.22
    },
    {
      "request": 88.798,
      "fsp": 1495.044,
      "rt": 17.85,
      "loadtime": 791.56,
      "tmq_fsp": 1761,
      "contentload": 63.668,
      "zcache": 0,
      "count": 420927,
      "device_level": "HIGH",
      "fp": 429.572,
      "ttfb": 90.625,
      "url": "http://market.m.taobao.com/app/fdilab/life2/award/index.html",
      "domcontentloaded": 543.173,
      "fcp": 431.717,
      "requestrate": 5.939,
      "containerloaded": 6.149,
      "name": "Rax-淘宝成就",
      "webviewloaded": 54.763,
      "baseload": 30.392,
      "time": 210.28
    },
    {
      "request": 88.798,
      "fsp": 1495.044,
      "rt": 17.85,
      "loadtime": 791.56,
      "tmq_fsp": 2422,
      "contentload": 63.668,
      "zcache": 0,
      "count": 420927,
      "device_level": "HIGH",
      "fp": 429.572,
      "ttfb": 90.625,
      "url": "http://market.m.taobao.com/app/fdilab/life2/award/index.html",
      "domcontentloaded": 543.173,
      "fcp": 431.717,
      "requestrate": 5.939,
      "containerloaded": 6.149,
      "name": "Rax-淘宝成就",
      "webviewloaded": 54.763,
      "baseload": 30.392,
      "time": 210.28
    },
    {
      "request": 55.158,
      "fsp": 1036.856,
      "rt": 57.41,
      "loadtime": 751.017,
      "tmq_fsp": 597,
      "contentload": 72.202,
      "zcache": 0,
      "count": 10579,
      "device_level": "HIGH",
      "fp": 604.356,
      "ttfb": 21.107,
      "url": "http://market.m.taobao.com/app/mtb-guang/guang-detail/home",
      "domcontentloaded": 288.221,
      "fcp": 604.925,
      "requestrate": 5.32,
      "containerloaded": 6.016,
      "name": "Rax-逛逛详情页",
      "webviewloaded": 90.659,
      "baseload": 22.478,
      "time": 417.23
    },
    {
      "request": 55.158,
      "fsp": 1036.856,
      "rt": 57.41,
      "loadtime": 751.017,
      "tmq_fsp": 757,
      "contentload": 72.202,
      "zcache": 0,
      "count": 10579,
      "device_level": "HIGH",
      "fp": 604.356,
      "ttfb": 21.107,
      "url": "http://market.m.taobao.com/app/mtb-guang/guang-detail/home",
      "domcontentloaded": 288.221,
      "fcp": 604.925,
      "requestrate": 5.32,
      "containerloaded": 6.016,
      "name": "Rax-逛逛详情页",
      "webviewloaded": 90.659,
      "baseload": 22.478,
      "time": 417.23
    },
    {
      "request": 77.078,
      "fsp": 1975.054,
      "rt": 105.78,
      "loadtime": 545.324,
      "tmq_fsp": 1064,
      "contentload": 85.736,
      "zcache": 0,
      "count": 571,
      "device_level": "HIGH",
      "fp": 305.037,
      "ttfb": 3.399,
      "url": "http://market.m.taobao.com/app/mtb-guang/pick-me/home",
      "domcontentloaded": 281.716,
      "fcp": 305.078,
      "requestrate": 3.903,
      "containerloaded": 3.531,
      "name": "Rax-逛逛点赞PK赛",
      "webviewloaded": 21.846,
      "baseload": 10.361,
      "time": 258.17
    },
    {
      "request": 77.078,
      "fsp": 1975.054,
      "rt": 105.78,
      "loadtime": 545.324,
      "tmq_fsp": 596,
      "contentload": 85.736,
      "zcache": 0,
      "count": 571,
      "device_level": "HIGH",
      "fp": 305.037,
      "ttfb": 3.399,
      "url": "http://market.m.taobao.com/app/mtb-guang/pick-me/home",
      "domcontentloaded": 281.716,
      "fcp": 305.078,
      "requestrate": 3.903,
      "containerloaded": 3.531,
      "name": "Rax-逛逛点赞PK赛",
      "webviewloaded": 21.846,
      "baseload": 10.361,
      "time": 258.17
    },
    {
      "request": null,
      "fsp": null,
      "rt": 82.51,
      "loadtime": null,
      "tmq_fsp": 1277,
      "contentload": 0,
      "zcache": 0,
      "count": 73,
      "device_level": "HIGH",
      "fp": null,
      "ttfb": null,
      "url": "http://market.m.taobao.com/app/mtb/guang-topic/pages/index",
      "domcontentloaded": null,
      "fcp": null,
      "requestrate": 0,
      "containerloaded": null,
      "name": "Rax-逛逛话题页",
      "webviewloaded": null,
      "baseload": 0,
      "time": 244.21
    },
    {
      "request": null,
      "fsp": null,
      "rt": 82.51,
      "loadtime": null,
      "tmq_fsp": 970,
      "contentload": 0,
      "zcache": 0,
      "count": 73,
      "device_level": "HIGH",
      "fp": null,
      "ttfb": null,
      "url": "http://market.m.taobao.com/app/mtb/guang-topic/pages/index",
      "domcontentloaded": null,
      "fcp": null,
      "requestrate": 0,
      "containerloaded": null,
      "name": "Rax-逛逛话题页",
      "webviewloaded": null,
      "baseload": 0,
      "time": 244.21
    },
    {
      "request": 46.883,
      "fsp": 1122.858,
      "rt": 37.4,
      "loadtime": 311.773,
      "tmq_fsp": 1000,
      "contentload": 73.288,
      "zcache": 0.511,
      "count": 195135,
      "device_level": "HIGH",
      "fp": 191.592,
      "ttfb": 34.281,
      "url": "http://market.m.taobao.com/app/mtb/personal-homepage/pages/index/index.html",
      "domcontentloaded": 299.933,
      "fcp": 191.613,
      "requestrate": 4.175,
      "containerloaded": 8.179,
      "name": "Rax-逛逛个人页",
      "webviewloaded": 422.38,
      "baseload": 22.536,
      "time": 354.94
    },
    {
      "request": 46.883,
      "fsp": 1122.858,
      "rt": 37.4,
      "loadtime": 311.773,
      "tmq_fsp": 1467,
      "contentload": 73.288,
      "zcache": 0.511,
      "count": 195135,
      "device_level": "HIGH",
      "fp": 191.592,
      "ttfb": 34.281,
      "url": "http://market.m.taobao.com/app/mtb/personal-homepage/pages/index/index.html",
      "domcontentloaded": 299.933,
      "fcp": 191.613,
      "requestrate": 4.175,
      "containerloaded": 8.179,
      "name": "Rax-逛逛个人页",
      "webviewloaded": 422.38,
      "baseload": 22.536,
      "time": 354.94
    },
    {
      "request": 129.023,
      "fsp": 901.228,
      "rt": 3.92,
      "loadtime": 378.539,
      "tmq_fsp": 1159,
      "contentload": 62.278,
      "zcache": 0,
      "count": 3795307,
      "device_level": "HIGH",
      "fp": 209.676,
      "ttfb": 130.752,
      "url": "http://market.m.taobao.com/app/mtb/questions-and-answers/pages/list/index.html",
      "domcontentloaded": 339.965,
      "fcp": 209.706,
      "requestrate": 14.316,
      "containerloaded": 10.595,
      "name": "Rax-问大家",
      "webviewloaded": 81.504,
      "baseload": 23.406,
      "time": 124
    },
    {
      "request": 129.023,
      "fsp": 901.228,
      "rt": 3.92,
      "loadtime": 378.539,
      "tmq_fsp": 832,
      "contentload": 62.278,
      "zcache": 0,
      "count": 3795307,
      "device_level": "HIGH",
      "fp": 209.676,
      "ttfb": 130.752,
      "url": "http://market.m.taobao.com/app/mtb/questions-and-answers/pages/list/index.html",
      "domcontentloaded": 339.965,
      "fcp": 209.706,
      "requestrate": 14.316,
      "containerloaded": 10.595,
      "name": "Rax-问大家",
      "webviewloaded": 81.504,
      "baseload": 23.406,
      "time": 124
    },
    {
      "request": null,
      "fsp": null,
      "rt": -1,
      "loadtime": null,
      "tmq_fsp": 1726,
      "contentload": 0,
      "zcache": 0,
      "count": 112018,
      "device_level": "HIGH",
      "fp": null,
      "ttfb": null,
      "url": "http://market.m.taobao.com/app/tb-source-app/shopact/pages/index",
      "domcontentloaded": null,
      "fcp": null,
      "requestrate": 0,
      "containerloaded": null,
      "name": "Rax-店铺活动",
      "webviewloaded": null,
      "baseload": 0,
      "time": -1
    },
    {
      "request": null,
      "fsp": null,
      "rt": -1,
      "loadtime": null,
      "tmq_fsp": 1975,
      "contentload": 0,
      "zcache": 0,
      "count": 112018,
      "device_level": "HIGH",
      "fp": null,
      "ttfb": null,
      "url": "http://market.m.taobao.com/app/tb-source-app/shopact/pages/index",
      "domcontentloaded": null,
      "fcp": null,
      "requestrate": 0,
      "containerloaded": null,
      "name": "Rax-店铺活动",
      "webviewloaded": null,
      "baseload": 0,
      "time": -1
    },
    {
      "request": 47.692,
      "fsp": 1847.464,
      "rt": 13.62,
      "loadtime": 593.461,
      "tmq_fsp": 1951,
      "contentload": 86.756,
      "zcache": 0.432,
      "count": 6642,
      "device_level": "HIGH",
      "fp": 153.054,
      "ttfb": 32.474,
      "url": "http://market.m.taobao.com/app/tb-windmill-app/abs-youhaohuo-v3/pages/index/index.html",
      "domcontentloaded": 244.677,
      "fcp": 505.994,
      "requestrate": 2.581,
      "containerloaded": 32.497,
      "name": "Rax-有好货",
      "webviewloaded": 159.39,
      "baseload": 10.662,
      "time": 231.37
    },
    {
      "request": 47.692,
      "fsp": 1847.464,
      "rt": 13.62,
      "loadtime": 593.461,
      "tmq_fsp": 3607,
      "contentload": 86.756,
      "zcache": 0.432,
      "count": 6642,
      "device_level": "HIGH",
      "fp": 153.054,
      "ttfb": 32.474,
      "url": "http://market.m.taobao.com/app/tb-windmill-app/abs-youhaohuo-v3/pages/index/index.html",
      "domcontentloaded": 244.677,
      "fcp": 505.994,
      "requestrate": 2.581,
      "containerloaded": 32.497,
      "name": "Rax-有好货",
      "webviewloaded": 159.39,
      "baseload": 10.662,
      "time": 231.37
    },
    {
      "request": 111.647,
      "fsp": 2515.56,
      "rt": -1,
      "loadtime": 769.201,
      "tmq_fsp": 1085,
      "contentload": 82.598,
      "zcache": 0,
      "count": 712530,
      "device_level": "HIGH",
      "fp": 261.757,
      "ttfb": 116.714,
      "url": "http://market.m.taobao.com/app/tmall-def/hbsqk/pages/new/index.html",
      "domcontentloaded": 437.761,
      "fcp": 1612.949,
      "requestrate": 4.438,
      "containerloaded": 12.094,
      "name": "Rax-淘宝省钱卡",
      "webviewloaded": 83.708,
      "baseload": 12.964,
      "time": -1
    },
    {
      "request": 111.647,
      "fsp": 2515.56,
      "rt": -1,
      "loadtime": 769.201,
      "tmq_fsp": 2339,
      "contentload": 82.598,
      "zcache": 0,
      "count": 712530,
      "device_level": "HIGH",
      "fp": 261.757,
      "ttfb": 116.714,
      "url": "http://market.m.taobao.com/app/tmall-def/hbsqk/pages/new/index.html",
      "domcontentloaded": 437.761,
      "fcp": 1612.949,
      "requestrate": 4.438,
      "containerloaded": 12.094,
      "name": "Rax-淘宝省钱卡",
      "webviewloaded": 83.708,
      "baseload": 12.964,
      "time": -1
    },
    {
      "request": null,
      "fsp": null,
      "rt": -1,
      "loadtime": null,
      "tmq_fsp": 2565,
      "contentload": 0,
      "zcache": 0,
      "count": 1,
      "device_level": "HIGH",
      "fp": null,
      "ttfb": null,
      "url": "http://market.m.taobao.com/app/tmall-def/jinribaokuan/index",
      "domcontentloaded": null,
      "fcp": null,
      "requestrate": 0,
      "containerloaded": null,
      "name": "Rax-今日爆款",
      "webviewloaded": null,
      "baseload": 0,
      "time": -1
    },
    {
      "request": null,
      "fsp": null,
      "rt": -1,
      "loadtime": null,
      "tmq_fsp": 5121,
      "contentload": 0,
      "zcache": 0,
      "count": 1,
      "device_level": "HIGH",
      "fp": null,
      "ttfb": null,
      "url": "http://market.m.taobao.com/app/tmall-def/jinribaokuan/index",
      "domcontentloaded": null,
      "fcp": null,
      "requestrate": 0,
      "containerloaded": null,
      "name": "Rax-今日爆款",
      "webviewloaded": null,
      "baseload": 0,
      "time": -1
    },
    {
      "request": 134.754,
      "fsp": 3185.359,
      "rt": 61.45,
      "loadtime": 1257.383,
      "tmq_fsp": 1075,
      "contentload": 62.225,
      "zcache": 0,
      "count": 392138,
      "device_level": "HIGH",
      "fp": 380.604,
      "ttfb": 142.876,
      "url": "http://market.m.taobao.com/app/tmall-def/juhuasuan-d2c/web/index.html",
      "domcontentloaded": 1203.266,
      "fcp": 1745.93,
      "requestrate": 4.23,
      "containerloaded": 14.397,
      "name": "Rax-聚划算",
      "webviewloaded": 53.444,
      "baseload": 33.544,
      "time": 329.53
    },
    {
      "request": 134.754,
      "fsp": 3185.359,
      "rt": 61.45,
      "loadtime": 1257.383,
      "tmq_fsp": 3077,
      "contentload": 62.225,
      "zcache": 0,
      "count": 392138,
      "device_level": "HIGH",
      "fp": 380.604,
      "ttfb": 142.876,
      "url": "http://market.m.taobao.com/app/tmall-def/juhuasuan-d2c/web/index.html",
      "domcontentloaded": 1203.266,
      "fcp": 1745.93,
      "requestrate": 4.23,
      "containerloaded": 14.397,
      "name": "Rax-聚划算",
      "webviewloaded": 53.444,
      "baseload": 33.544,
      "time": 329.53
    },
    {
      "request": 117.557,
      "fsp": 3032.481,
      "rt": 0.48,
      "loadtime": 1210.791,
      "tmq_fsp": 2571,
      "contentload": 75.843,
      "zcache": 0.006,
      "count": 2591350,
      "device_level": "HIGH",
      "fp": 750.296,
      "ttfb": 122.9,
      "url": "http://market.m.taobao.com/app/tmall-wireless/tmallfarm/index.html",
      "domcontentloaded": 732.565,
      "fcp": 750.31,
      "requestrate": 3.877,
      "containerloaded": 9.94,
      "name": "Rax-天猫农场",
      "webviewloaded": 46.26,
      "baseload": 20.281,
      "time": 373.16
    },
    {
      "request": 117.557,
      "fsp": 3032.481,
      "rt": 0.48,
      "loadtime": 1210.791,
      "tmq_fsp": 3340,
      "contentload": 75.843,
      "zcache": 0.006,
      "count": 2591350,
      "device_level": "HIGH",
      "fp": 750.296,
      "ttfb": 122.9,
      "url": "http://market.m.taobao.com/app/tmall-wireless/tmallfarm/index.html",
      "domcontentloaded": 732.565,
      "fcp": 750.31,
      "requestrate": 3.877,
      "containerloaded": 9.94,
      "name": "Rax-天猫农场",
      "webviewloaded": 46.26,
      "baseload": 20.281,
      "time": 373.16
    },
    {
      "request": 288.615,
      "fsp": 2006.794,
      "rt": -1,
      "loadtime": 2383.145,
      "tmq_fsp": 1511,
      "contentload": 52.035,
      "zcache": 0,
      "count": 406,
      "device_level": "HIGH",
      "fp": 1032.908,
      "ttfb": 318.015,
      "url": "http://market.m.taobao.com/app/wt/rc-miniapp/index",
      "domcontentloaded": 962.554,
      "fcp": 1032.923,
      "requestrate": 14.382,
      "containerloaded": 4.542,
      "name": "Rax-充值中心",
      "webviewloaded": 11.729,
      "baseload": 33.583,
      "time": -1
    },
    {
      "request": 288.615,
      "fsp": 2006.794,
      "rt": -1,
      "loadtime": 2383.145,
      "tmq_fsp": 2020,
      "contentload": 52.035,
      "zcache": 0,
      "count": 406,
      "device_level": "HIGH",
      "fp": 1032.908,
      "ttfb": 318.015,
      "url": "http://market.m.taobao.com/app/wt/rc-miniapp/index",
      "domcontentloaded": 962.554,
      "fcp": 1032.923,
      "requestrate": 14.382,
      "containerloaded": 4.542,
      "name": "Rax-充值中心",
      "webviewloaded": 11.729,
      "baseload": 33.583,
      "time": -1
    },
    {
      "request": 203.132,
      "fsp": 1988.111,
      "rt": -1,
      "loadtime": 921.796,
      "tmq_fsp": 1087,
      "contentload": 72.734,
      "zcache": 0,
      "count": 126,
      "device_level": "HIGH",
      "fp": 390.583,
      "ttfb": 213.132,
      "url": "http://pages.tmall.com/wow/a/act/tmall/dailygroup/606/wupr/daily-212065",
      "domcontentloaded": 542.083,
      "fcp": 1251.404,
      "requestrate": 10.217,
      "containerloaded": 4.976,
      "name": "Rax-天猫榜单",
      "webviewloaded": 57.087,
      "baseload": 17.049,
      "time": -1
    },
    {
      "request": 203.132,
      "fsp": 1988.111,
      "rt": -1,
      "loadtime": 921.796,
      "tmq_fsp": 1835,
      "contentload": 72.734,
      "zcache": 0,
      "count": 126,
      "device_level": "HIGH",
      "fp": 390.583,
      "ttfb": 213.132,
      "url": "http://pages.tmall.com/wow/a/act/tmall/dailygroup/606/wupr/daily-212065",
      "domcontentloaded": 542.083,
      "fcp": 1251.404,
      "requestrate": 10.217,
      "containerloaded": 4.976,
      "name": "Rax-天猫榜单",
      "webviewloaded": 57.087,
      "baseload": 17.049,
      "time": -1
    },
    {
      "request": 115.412,
      "fsp": 1402.838,
      "rt": -1,
      "loadtime": 1058.632,
      "tmq_fsp": 2911,
      "contentload": 68.969,
      "zcache": 0,
      "count": 8163,
      "device_level": "HIGH",
      "fp": 298.733,
      "ttfb": 125.478,
      "url": "http://pages.tmall.com/wow/a/act/tmall/dailygroup/862/wupr/daily-174346",
      "domcontentloaded": 435.314,
      "fcp": 1178.753,
      "requestrate": 8.227,
      "containerloaded": 10.153,
      "name": "Rax-领券中心",
      "webviewloaded": 70.161,
      "baseload": 22.804,
      "time": -1
    },
    {
      "request": 115.412,
      "fsp": 1402.838,
      "rt": -1,
      "loadtime": 1058.632,
      "tmq_fsp": 4625,
      "contentload": 68.969,
      "zcache": 0,
      "count": 8163,
      "device_level": "HIGH",
      "fp": 298.733,
      "ttfb": 125.478,
      "url": "http://pages.tmall.com/wow/a/act/tmall/dailygroup/862/wupr/daily-174346",
      "domcontentloaded": 435.314,
      "fcp": 1178.753,
      "requestrate": 8.227,
      "containerloaded": 10.153,
      "name": "Rax-领券中心",
      "webviewloaded": 70.161,
      "baseload": 22.804,
      "time": -1
    },
    {
      "request": 195.168,
      "fsp": 2804.901,
      "rt": 20.9,
      "loadtime": 1082.686,
      "tmq_fsp": 2857,
      "contentload": 87.462,
      "zcache": 0,
      "count": 6961753,
      "device_level": "HIGH",
      "fp": 439.102,
      "ttfb": 201.892,
      "url": "http://pages.tmall.com/wow/hdwk/act/2020nhj-single",
      "domcontentloaded": 351.666,
      "fcp": 439.113,
      "requestrate": 6.958,
      "containerloaded": 5.96,
      "name": "Rax-芭芭农场",
      "webviewloaded": 149.883,
      "baseload": 5.579,
      "time": 362.97
    },
    {
      "request": 195.168,
      "fsp": 2804.901,
      "rt": 20.9,
      "loadtime": 1082.686,
      "tmq_fsp": 4766,
      "contentload": 87.462,
      "zcache": 0,
      "count": 6961753,
      "device_level": "HIGH",
      "fp": 439.102,
      "ttfb": 201.892,
      "url": "http://pages.tmall.com/wow/hdwk/act/2020nhj-single",
      "domcontentloaded": 351.666,
      "fcp": 439.113,
      "requestrate": 6.958,
      "containerloaded": 5.96,
      "name": "Rax-芭芭农场",
      "webviewloaded": 149.883,
      "baseload": 5.579,
      "time": 362.97
    },
    {
      "request": 251.45,
      "fsp": 3289.275,
      "rt": 27.7,
      "loadtime": 1351.696,
      "tmq_fsp": 1085,
      "contentload": 68.241,
      "zcache": 0,
      "count": 4947,
      "device_level": "HIGH",
      "fp": 798.842,
      "ttfb": 300.463,
      "url": "http://pages.tmall.com/wow/tmsx/act/fresh-v3",
      "domcontentloaded": 1044.655,
      "fcp": 3545.21,
      "requestrate": 7.645,
      "containerloaded": 6.563,
      "name": "Rax-天猫美食",
      "webviewloaded": 39.931,
      "baseload": 24.115,
      "time": 578.61
    },
    {
      "request": 251.45,
      "fsp": 3289.275,
      "rt": 27.7,
      "loadtime": 1351.696,
      "tmq_fsp": 1702,
      "contentload": 68.241,
      "zcache": 0,
      "count": 4947,
      "device_level": "HIGH",
      "fp": 798.842,
      "ttfb": 300.463,
      "url": "http://pages.tmall.com/wow/tmsx/act/fresh-v3",
      "domcontentloaded": 1044.655,
      "fcp": 3545.21,
      "requestrate": 7.645,
      "containerloaded": 6.563,
      "name": "Rax-天猫美食",
      "webviewloaded": 39.931,
      "baseload": 24.115,
      "time": 578.61
    },
    {
      "request": 100.937,
      "fsp": 2449.4,
      "rt": 12.46,
      "loadtime": 838.277,
      "tmq_fsp": 1464,
      "contentload": 90.709,
      "zcache": 0,
      "count": 170834,
      "device_level": "HIGH",
      "fp": 231.802,
      "ttfb": 102.127,
      "url": "http://pages.tmall.com/wow/z/hdwk/hdsolution2/game2020",
      "domcontentloaded": 227.568,
      "fcp": 289.194,
      "requestrate": 4.121,
      "containerloaded": 5.279,
      "name": "Rax-活力中心",
      "webviewloaded": 100.878,
      "baseload": 5.17,
      "time": 291.44
    },
    {
      "request": 100.937,
      "fsp": 2449.4,
      "rt": 12.46,
      "loadtime": 838.277,
      "tmq_fsp": 3458,
      "contentload": 90.709,
      "zcache": 0,
      "count": 170834,
      "device_level": "HIGH",
      "fp": 231.802,
      "ttfb": 102.127,
      "url": "http://pages.tmall.com/wow/z/hdwk/hdsolution2/game2020",
      "domcontentloaded": 227.568,
      "fcp": 289.194,
      "requestrate": 4.121,
      "containerloaded": 5.279,
      "name": "Rax-活力中心",
      "webviewloaded": 100.878,
      "baseload": 5.17,
      "time": 291.44
    },
    {
      "request": 134.71,
      "fsp": 2203.404,
      "rt": 23.98,
      "loadtime": 587.867,
      "tmq_fsp": 3018,
      "contentload": 78.328,
      "zcache": 0,
      "count": 145378,
      "device_level": "HIGH",
      "fp": 249.877,
      "ttfb": 142.722,
      "url": "http://pages.tmall.com/wow/z/heihe/rax-page/utryhome2019",
      "domcontentloaded": 477.526,
      "fcp": 1446.161,
      "requestrate": 6.114,
      "containerloaded": 11.437,
      "name": "Rax-天猫U先",
      "webviewloaded": 59.341,
      "baseload": 15.558,
      "time": 265
    },
    {
      "request": 134.71,
      "fsp": 2203.404,
      "rt": 23.98,
      "loadtime": 587.867,
      "tmq_fsp": 3920,
      "contentload": 78.328,
      "zcache": 0,
      "count": 145378,
      "device_level": "HIGH",
      "fp": 249.877,
      "ttfb": 142.722,
      "url": "http://pages.tmall.com/wow/z/heihe/rax-page/utryhome2019",
      "domcontentloaded": 477.526,
      "fcp": 1446.161,
      "requestrate": 6.114,
      "containerloaded": 11.437,
      "name": "Rax-天猫U先",
      "webviewloaded": 59.341,
      "baseload": 15.558,
      "time": 265
    },
    {
      "request": null,
      "fsp": null,
      "rt": 0,
      "loadtime": null,
      "tmq_fsp": 1133,
      "contentload": 0,
      "zcache": 0,
      "count": 51970,
      "device_level": "HIGH",
      "fp": null,
      "ttfb": null,
      "url": "http://pages.tmall.com/wow/z/mvip/default/super-home",
      "domcontentloaded": null,
      "fcp": null,
      "requestrate": 0,
      "containerloaded": null,
      "name": "Rax-超会生活",
      "webviewloaded": null,
      "baseload": 0,
      "time": 382.68
    },
    {
      "request": null,
      "fsp": null,
      "rt": 0,
      "loadtime": null,
      "tmq_fsp": 2858,
      "contentload": 0,
      "zcache": 0,
      "count": 51970,
      "device_level": "HIGH",
      "fp": null,
      "ttfb": null,
      "url": "http://pages.tmall.com/wow/z/mvip/default/super-home",
      "domcontentloaded": null,
      "fcp": null,
      "requestrate": 0,
      "containerloaded": null,
      "name": "Rax-超会生活",
      "webviewloaded": null,
      "baseload": 0,
      "time": 382.68
    },
    {
      "request": 147.902,
      "fsp": 3459.837,
      "rt": 62.09,
      "loadtime": 1190.331,
      "tmq_fsp": 3684,
      "contentload": 88.576,
      "zcache": 0,
      "count": 4259610,
      "device_level": "HIGH",
      "fp": 410.854,
      "ttfb": 155.472,
      "url": "http://pages.tmall.com/wow/z/tmtjb/town/home",
      "domcontentloaded": 395.246,
      "fcp": 523.906,
      "requestrate": 4.275,
      "containerloaded": 10.219,
      "name": "Rax-金币小镇",
      "webviewloaded": 59.109,
      "baseload": 7.149,
      "time": 476.91
    },
    {
      "request": 147.902,
      "fsp": 3459.837,
      "rt": 62.09,
      "loadtime": 1190.331,
      "tmq_fsp": 6562,
      "contentload": 88.576,
      "zcache": 0,
      "count": 4259610,
      "device_level": "HIGH",
      "fp": 410.854,
      "ttfb": 155.472,
      "url": "http://pages.tmall.com/wow/z/tmtjb/town/home",
      "domcontentloaded": 395.246,
      "fcp": 523.906,
      "requestrate": 4.275,
      "containerloaded": 10.219,
      "name": "Rax-金币小镇",
      "webviewloaded": 59.109,
      "baseload": 7.149,
      "time": 476.91
    },
    {
      "request": 166.651,
      "fsp": 2739.686,
      "rt": 47.95,
      "loadtime": 973.796,
      "tmq_fsp": 3915,
      "contentload": 71.207,
      "zcache": 0.259,
      "count": 59878,
      "device_level": "HIGH",
      "fp": 484.078,
      "ttfb": 179.96,
      "url": "http://www.tmall.com/wow/z/heybox/heyboxrax/heybox",
      "domcontentloaded": 788.837,
      "fcp": 3017.816,
      "requestrate": 6.083,
      "containerloaded": 5.474,
      "name": "Rax-天猫新品",
      "webviewloaded": 97.685,
      "baseload": 22.71,
      "time": 925.54
    },
    {
      "request": 166.651,
      "fsp": 2739.686,
      "rt": 47.95,
      "loadtime": 973.796,
      "tmq_fsp": 5700,
      "contentload": 71.207,
      "zcache": 0.259,
      "count": 59878,
      "device_level": "HIGH",
      "fp": 484.078,
      "ttfb": 179.96,
      "url": "http://www.tmall.com/wow/z/heybox/heyboxrax/heybox",
      "domcontentloaded": 788.837,
      "fcp": 3017.816,
      "requestrate": 6.083,
      "containerloaded": 5.474,
      "name": "Rax-天猫新品",
      "webviewloaded": 97.685,
      "baseload": 22.71,
      "time": 925.54
    }
  ]
}
